"","X10","X30","X50","X70","X90","X0.9","X1.0","X1.1","X1.2","X1.3","WorstCase","expectedDelayCor","resultDelayCor","abs(errorCor)"
"1",37,56,1,6,0,37,56,1,6,0,3.38801e-12,3.38801e-12,3.4851e-12,2.86569402097396
"2",70,0,7,0,23,70,0,7,0,23,4.40837e-12,4.40837e-12,4.14564e-12,5.95979920015788
"3",47,0,0,42,11,47,0,0,42,11,4.33056e-12,4.33056e-12,3.99709e-12,7.7003897879258
"4",13,33,5,7,42,13,33,5,7,42,4.68147e-12,4.68147e-12,4.28215e-12,8.52979940061562
"5",0,0,0,87,13,0,0,0,87,13,4.65318e-12,4.65318e-12,4.67462e-12,0.460760168315
"6",0,0,45,55,0,0,0,45,55,0,3.81129e-12,3.81129e-12,3.8161e-12,0.126203988675755
"7",0,12,33,28,27,0,12,33,28,27,3.99037e-12,3.99037e-12,3.95775e-12,0.81746805434082
"8",8,0,79,13,0,8,0,79,13,0,3.76791e-12,3.76791e-12,3.4826e-12,7.57210230605295
"9",37,0,17,23,23,37,0,17,23,23,4.5047e-12,4.5047e-12,4.39599e-12,2.41325726463472
"10",0,0,79,0,21,0,0,79,0,21,4.19668e-12,4.19668e-12,4.27727e-12,1.92032749697377
"11",0,6,0,74,20,0,6,0,74,20,3.94052e-12,3.94052e-12,4.80231e-12,21.869956249429
"12",100,0,0,0,0,100,0,0,0,0,2.52401e-12,2.52401e-12,4.02922e-12,59.6356591297182
"13",27,4,11,29,29,27,4,11,29,29,4.595e-12,4.595e-12,4.59482e-12,0.00391730141457991
"14",0,15,32,28,25,0,15,32,28,25,3.95775e-12,3.95775e-12,4.52002e-12,14.2068094245468
"15",0,100,0,0,0,0,100,0,0,0,2.22602e-12,2.22602e-12,3.23666e-12,45.4012093332495
"16",37,56,5,0,2,37,56,5,0,2,3.4851e-12,3.4851e-12,3.38801e-12,2.78585980316204
"17",16,23,0,60,1,16,23,0,60,1,4.11627e-12,4.11627e-12,3.49095e-12,15.1914233031361
"18",24,22,29,11,14,24,22,29,11,14,4.29597e-12,4.29597e-12,3.51011e-12,18.2929582841593
"19",13,44,23,20,0,13,44,23,20,0,3.8044e-12,3.8044e-12,3.70468e-12,2.62117548102198
"20",19,24,0,9,48,19,24,0,9,48,4.73169e-12,4.73169e-12,4.76983e-12,0.806054496385
"21",0,50,6,18,26,0,50,6,18,26,3.93966e-12,3.93966e-12,3.93786e-12,0.0456892219125371
"22",59,19,0,22,0,59,19,0,22,0,3.76881e-12,3.76881e-12,3.81513e-12,1.22903515963926
"23",34,32,0,0,34,34,32,0,0,34,4.57553e-12,4.57553e-12,4.51182e-12,1.39240699984483
"24",3,0,0,23,74,3,0,0,23,74,4.86392e-12,4.86392e-12,4.88117e-12,0.354652214674589
"25",22,32,9,0,37,22,32,9,0,37,4.6156e-12,4.6156e-12,4.65553e-12,0.865109628217353
"26",26,22,0,20,32,26,22,0,20,32,4.60831e-12,4.60831e-12,4.54363e-12,1.40355141038689
"27",0,78,12,0,10,0,78,12,0,10,3.38305e-12,3.38305e-12,2.29518e-12,32.1564860111438
"28",14,0,26,11,49,14,0,26,11,49,4.74698e-12,4.74698e-12,4.81228e-12,1.37561144137959
"29",57,0,0,21,22,57,0,0,21,22,4.47463e-12,4.47463e-12,4.47919e-12,0.101907867242645
"30",34,56,0,0,10,34,56,0,0,10,4.04736e-12,4.04736e-12,4.22107e-12,4.29193350727386
"31",1,96,0,3,0,1,96,0,3,0,3.23666e-12,3.23666e-12,2.22602e-12,31.2247811015059
"32",22,16,36,21,5,22,16,36,21,5,4.08441e-12,4.08441e-12,4.10586e-12,0.525167649672764
"33",0,0,0,0,100,0,0,0,0,100,5.66275e-12,5.66275e-12,4.38878e-12,22.4973731844069
"34",19,63,18,0,0,19,63,18,0,0,3.22842e-12,3.22842e-12,4.1503e-12,28.5551446218274
"35",14,43,27,0,16,14,43,27,0,16,4.27879e-12,4.27879e-12,4.35484e-12,1.7773716401132
"36",0,5,95,0,0,0,5,95,0,0,2.79042e-12,2.79042e-12,3.04285e-12,9.04630844102321
"38",65,20,0,2,13,65,20,0,2,13,4.16972e-12,4.16972e-12,2.67382e-12,35.8753105724125
"39",42,37,0,3,18,42,37,0,3,18,4.31853e-12,4.31853e-12,4.30322e-12,0.354518783011804
"40",30,33,0,26,11,30,33,0,26,11,4.27264e-12,4.27264e-12,4.12285e-12,3.50579501198323
"41",0,97,3,0,0,0,97,3,0,0,2.29518e-12,2.29518e-12,2.22602e-12,3.01327129026918
"42",0,21,0,79,0,0,21,0,79,0,3.49095e-12,3.49095e-12,4.40138e-12,26.079720419943
"43",3,30,17,32,18,3,30,17,32,18,4.44842e-12,4.44842e-12,3.35594e-12,24.5588321246645
"46",9,15,17,8,51,9,15,17,8,51,4.75478e-12,4.75478e-12,4.38878e-12,7.69751702497277
"47",16,0,0,40,44,16,0,0,40,44,4.73943e-12,4.73943e-12,4.68351e-12,1.17988872079555
"48",0,0,0,100,0,0,0,0,100,0,4.34062e-12,4.34062e-12,3.51981e-12,18.9099713865761
"49",34,0,28,0,38,34,0,28,0,38,4.63207e-12,4.63207e-12,4.62976e-12,0.0498697126770531
"50",30,42,19,0,9,30,42,19,0,9,4.04042e-12,4.04042e-12,3.4851e-12,13.7441157107429
"51",10,2,60,21,7,10,2,60,21,7,4.16484e-12,4.16484e-12,3.51114e-12,15.6956809865445
"52",38,28,10,23,1,38,28,10,23,1,3.87904e-12,3.87904e-12,3.81513e-12,1.64757259528131
"53",5,33,7,17,38,5,33,7,17,38,4.66636e-12,4.66636e-12,4.28215e-12,8.23361249453536
"54",20,6,42,5,27,20,6,42,5,27,4.51792e-12,4.51792e-12,4.62134e-12,2.2891064914828
"57",0,27,37,36,0,0,27,37,36,0,3.26986e-12,3.26986e-12,3.18581e-12,2.57044644113203
"58",0,12,1,87,0,0,12,1,87,0,3.50878e-12,3.50878e-12,4.40138e-12,25.4390414902046
"59",37,7,15,9,32,37,7,15,9,32,4.58616e-12,4.58616e-12,4.64461e-12,1.2744867165559
"60",34,6,14,12,34,34,6,14,12,34,4.61688e-12,4.61688e-12,4.58616e-12,0.665384415449377
"61",43,15,15,0,27,43,15,15,0,27,4.48606e-12,4.48606e-12,4.35037e-12,3.02470319166485
"64",21,0,30,30,19,21,0,30,30,19,4.463e-12,4.463e-12,4.4273e-12,0.799910374187762
"65",25,19,7,26,23,25,19,7,26,23,4.5095e-12,4.5095e-12,4.49365e-12,0.351480208448829
"66",0,38,44,18,0,0,38,44,18,0,3.07368e-12,3.07368e-12,4.08087e-12,32.7682126961818
"67",14,25,6,9,46,14,25,6,9,46,4.71863e-12,4.71863e-12,4.76983e-12,1.08506070617953
"69",0,77,23,0,0,0,77,23,0,0,2.5463e-12,2.5463e-12,2.52899e-12,0.679809920276486
"70",11,0,21,35,33,11,0,21,35,33,4.64758e-12,4.64758e-12,4.67633e-12,0.618601508742178
"71",21,51,16,0,12,21,51,16,0,12,4.1503e-12,4.1503e-12,3.22842e-12,22.2123701901067
"72",56,0,0,44,0,56,0,0,44,0,3.99065e-12,3.99065e-12,3.99709e-12,0.161377219250003
"73",16,4,35,23,22,16,4,35,23,22,4.49478e-12,4.49478e-12,4.4273e-12,1.50129706014533
"74",0,49,26,18,7,0,49,26,18,7,3.45156e-12,3.45156e-12,3.70468e-12,7.33349557881076
"75",12,41,27,1,19,12,41,27,1,19,4.35484e-12,4.35484e-12,4.27879e-12,1.74633281590139
"76",39,11,18,15,17,39,11,18,15,17,4.37441e-12,4.37441e-12,4.02922e-12,7.89112131693188
"77",42,5,0,53,0,42,5,0,53,0,4.04541e-12,4.04541e-12,4.06425e-12,0.465712993244205
"78",48,0,0,22,30,48,0,0,22,30,4.58844e-12,4.58844e-12,4.60372e-12,0.333010783621446
"79",46,29,0,25,0,46,29,0,25,0,3.81513e-12,3.81513e-12,3.87904e-12,1.67517227460139
"80",0,0,81,19,0,0,0,81,19,0,3.4826e-12,3.4826e-12,3.51114e-12,0.819502670418637
"82",0,49,51,0,0,0,49,51,0,0,2.70635e-12,2.70635e-12,2.77381e-12,2.49265616051138
"83",40,0,0,15,45,40,0,0,15,45,4.7185e-12,4.7185e-12,4.65367e-12,1.373953586945
"84",17,0,83,0,0,17,0,83,0,0,3.51298e-12,3.51298e-12,3.49919e-12,0.392544221714886
"85",15,0,0,54,31,15,0,0,54,31,4.64206e-12,4.64206e-12,4.56632e-12,1.63160321064354
"86",32,53,0,0,15,32,53,0,0,15,4.22107e-12,4.22107e-12,4.04736e-12,4.11530725621702
"87",28,14,33,19,6,28,14,33,19,6,4.10586e-12,4.10586e-12,4.08441e-12,0.522424047580772
"89",0,37,0,0,63,0,37,0,0,63,4.28215e-12,4.28215e-12,4.68147e-12,9.32522214308234
"90",0,0,73,27,0,0,0,73,27,0,3.58671e-12,3.58671e-12,3.51114e-12,2.10694480457021
"91",0,11,31,21,37,0,11,31,21,37,4.10585e-12,4.10585e-12,4.15231e-12,1.13155619421068
"92",21,22,36,0,21,21,22,36,0,21,4.39494e-12,4.39494e-12,4.29597e-12,2.25190787587544
"93",23,3,0,37,37,23,3,0,37,37,4.68351e-12,4.68351e-12,4.73943e-12,1.19397631263733
"94",37,0,0,57,6,37,0,0,57,6,4.25524e-12,4.25524e-12,4.06425e-12,4.48834848328179
"95",23,40,37,0,0,23,40,37,0,0,3.36992e-12,3.36992e-12,4.01984e-12,19.2859177665939
"96",23,39,17,0,21,23,39,17,0,21,4.38262e-12,4.38262e-12,4.1503e-12,5.30093870789619
"97",22,0,0,15,63,22,0,0,15,63,4.82364e-12,4.82364e-12,4.80495e-12,0.387466726372621
"98",13,9,23,50,5,13,9,23,50,5,4.21813e-12,4.21813e-12,4.06245e-12,3.69073499394281
"99",0,63,0,37,0,0,63,0,37,0,3.22571e-12,3.22571e-12,4.37365e-12,35.5872040574013
"100",0,52,17,30,1,0,52,17,30,1,3.24339e-12,3.24339e-12,3.25635e-12,0.399581918918179
"101",30,21,10,23,16,30,21,10,23,16,4.38093e-12,4.38093e-12,4.38593e-12,0.114131017843255
"102",0,20,30,27,23,0,20,30,27,23,3.92286e-12,3.92286e-12,3.95775e-12,0.889402119881932
"103",0,14,23,35,28,0,14,23,35,28,4.01576e-12,4.01576e-12,4.59119e-12,14.3292925872064
"104",31,15,52,2,0,31,15,52,2,0,3.51011e-12,3.51011e-12,3.46909e-12,1.16862434510598
"105",0,83,0,0,17,0,83,0,0,17,3.63088e-12,3.63088e-12,3.44477e-12,5.1257546379941
"106",0,25,46,0,29,0,25,46,0,29,3.94008e-12,3.94008e-12,4.51321e-12,14.5461513471808
"108",0,7,56,37,0,0,7,56,37,0,3.2893e-12,3.2893e-12,4.12154e-12,25.3014319156051
"110",16,26,39,19,0,16,26,39,19,0,3.81566e-12,3.81566e-12,4.08087e-12,6.95056687440705
"111",33,37,0,1,29,33,37,0,1,29,4.51182e-12,4.51182e-12,4.57553e-12,1.4120687438772
"112",88,12,0,0,0,88,12,0,0,0,2.67382e-12,2.67382e-12,2.52401e-12,5.60284536730222
"113",11,37,6,26,20,11,37,6,26,20,4.46253e-12,4.46253e-12,3.8381e-12,13.9927350628455
"114",0,65,0,18,17,0,65,0,18,17,3.74838e-12,3.74838e-12,3.93786e-12,5.0549837529813
"115",0,49,49,2,0,0,49,49,2,0,2.77381e-12,2.77381e-12,2.70635e-12,2.43203391724739
"116",21,12,26,21,20,21,12,26,21,20,4.45528e-12,4.45528e-12,4.49478e-12,0.886588497243723
"117",10,65,4,21,0,10,65,4,21,0,3.77828e-12,3.77828e-12,2.82455e-12,25.2424383581947
"118",27,0,61,0,12,27,0,61,0,12,4.18941e-12,4.18941e-12,3.49919e-12,16.4753509444051
"119",0,81,10,9,0,0,81,10,9,0,2.82455e-12,2.82455e-12,2.29518e-12,18.7417464728895
"120",49,0,24,0,27,49,0,24,0,27,4.49003e-12,4.49003e-12,4.48076e-12,0.206457417879158
"121",28,10,62,0,0,28,10,62,0,0,3.46909e-12,3.46909e-12,3.51011e-12,1.18244265787282
"122",0,52,41,7,0,0,52,41,7,0,2.88497e-12,2.88497e-12,2.77381e-12,3.85307299555975
"123",29,34,0,32,5,29,34,0,32,5,4.12285e-12,4.12285e-12,4.27264e-12,3.63316637762712
"124",90,0,0,0,10,90,0,0,0,10,4.02922e-12,4.02922e-12,4.14564e-12,2.88939298425006
"125",20,32,30,18,0,20,32,30,18,0,3.78848e-12,3.78848e-12,4.15592e-12,9.69887659430697
"128",27,16,10,20,27,27,16,10,20,27,4.5516e-12,4.5516e-12,4.65367e-12,2.24250812900959
"129",0,2,47,34,17,0,2,47,34,17,3.83163e-12,3.83163e-12,3.2893e-12,14.1540284422034
"131",0,66,0,0,34,0,66,0,0,34,3.99628e-12,3.99628e-12,4.11203e-12,2.89644369263415
"132",43,6,12,39,0,43,6,12,39,0,3.97145e-12,3.97145e-12,3.99709e-12,0.645608027294831
"133",27,21,15,0,37,27,21,15,0,37,4.61785e-12,4.61785e-12,4.6156e-12,0.048723973277609
"134",54,46,0,0,0,54,46,0,0,0,2.87319e-12,2.87319e-12,2.93744e-12,2.23619043641388
"135",0,88,0,0,12,0,88,0,0,12,3.44477e-12,3.44477e-12,3.63088e-12,5.40268290771226
"136",27,19,17,37,0,27,19,17,37,0,3.96511e-12,3.96511e-12,3.96168e-12,0.0865045358136363
"137",18,41,33,0,8,18,41,33,0,8,4.01984e-12,4.01984e-12,3.36992e-12,16.1678076739373
"139",37,7,16,2,38,37,7,16,2,38,4.63361e-12,4.63361e-12,4.62976e-12,0.0830885637764123
"140",0,0,40,60,0,0,0,40,60,0,3.83547e-12,3.83547e-12,3.8161e-12,0.505022852479597
"141",6,0,31,0,63,6,0,31,0,63,4.81228e-12,4.81228e-12,4.74698e-12,1.35694514866135
"142",0,39,27,34,0,0,39,27,34,0,3.23801e-12,3.23801e-12,3.18581e-12,1.61210125972433
"143",16,28,0,0,56,16,28,0,0,56,4.76983e-12,4.76983e-12,4.71863e-12,1.07341351788218
"144",30,8,27,35,0,30,8,27,35,0,3.95829e-12,3.95829e-12,3.96168e-12,0.0856430428290977
"145",0,18,0,0,82,0,18,0,0,82,4.36833e-12,4.36833e-12,4.38878e-12,0.468142287785045
"146",23,7,27,0,43,23,7,27,0,43,4.68042e-12,4.68042e-12,4.63207e-12,1.03302695057282
"147",10,0,18,36,36,10,0,18,36,36,4.67633e-12,4.67633e-12,4.64758e-12,0.614798356831092
"148",0,32,0,68,0,0,32,0,68,0,3.45327e-12,3.45327e-12,3.49095e-12,1.09113970236907
"150",0,72,28,0,0,0,72,28,0,0,2.5849e-12,2.5849e-12,2.74951e-12,6.36813803241905
"151",0,0,53,0,47,0,0,53,0,47,4.5766e-12,4.5766e-12,4.46798e-12,2.37337761657125
"152",19,14,16,41,10,19,14,16,41,10,4.31443e-12,4.31443e-12,4.34062e-12,0.60703267870843
"153",0,3,31,25,41,0,3,31,25,41,4.15231e-12,4.15231e-12,4.10585e-12,1.11889526552689
"154",13,30,31,21,5,13,30,31,21,5,4.08087e-12,4.08087e-12,4.15592e-12,1.83906862997352
"156",2,48,2,34,14,2,48,2,34,14,4.37365e-12,4.37365e-12,3.89441e-12,10.9574382952454
"157",0,39,32,29,0,0,39,32,29,0,3.18581e-12,3.18581e-12,3.23801e-12,1.63851579347167
"158",20,13,7,34,26,20,13,7,34,26,4.56632e-12,4.56632e-12,4.64206e-12,1.65866605932128
"159",47,44,1,8,0,47,44,1,8,0,3.46078e-12,3.46078e-12,3.60411e-12,4.14155190448395
"160",20,3,29,48,0,20,3,29,48,0,4.04171e-12,4.04171e-12,4.21813e-12,4.36498412800523
"161",29,22,0,27,22,29,22,0,27,22,4.49365e-12,4.49365e-12,4.5095e-12,0.352719949261737
"162",34,24,0,14,28,34,24,0,14,28,4.54363e-12,4.54363e-12,4.60831e-12,1.42353140550617
"163",0,0,0,86,14,0,0,0,86,14,4.67462e-12,4.67462e-12,4.65318e-12,0.458646906058668
"164",18,0,0,67,15,18,0,0,67,15,4.45427e-12,4.45427e-12,4.38225e-12,1.61687549250494
"165",16,29,26,22,7,16,29,26,22,7,4.15592e-12,4.15592e-12,4.08087e-12,1.80585766809757
"166",35,7,15,27,16,35,7,15,27,16,4.39599e-12,4.39599e-12,4.33056e-12,1.48840192994071
"167",0,72,27,0,1,0,72,27,0,1,2.74951e-12,2.74951e-12,2.5849e-12,5.9868849358613
"169",25,0,75,0,0,25,0,75,0,0,3.49919e-12,3.49919e-12,3.51298e-12,0.394091203964342
"170",44,5,18,28,5,44,5,18,28,5,4.11326e-12,4.11326e-12,3.79162e-12,7.81958835570811
"171",52,0,42,0,6,52,0,42,0,6,3.92837e-12,3.92837e-12,3.77411e-12,3.9268195205645
"172",0,58,31,0,11,0,58,31,0,11,3.45987e-12,3.45987e-12,2.74951e-12,20.5314072494053
"173",43,48,6,0,3,43,48,6,0,3,3.60964e-12,3.60964e-12,3.61022e-12,0.0160680843519057
"174",28,13,22,14,23,28,13,22,14,23,4.48076e-12,4.48076e-12,4.49003e-12,0.206884546371588
"175",65,35,0,0,0,65,35,0,0,0,2.82929e-12,2.82929e-12,3.0761e-12,8.72338996709423
"176",7,0,26,34,33,7,0,26,34,33,4.64664e-12,4.64664e-12,4.64758e-12,0.0202296713324168
"177",20,24,31,25,0,20,24,31,25,0,3.8732e-12,3.8732e-12,3.81566e-12,1.48559330785913
"178",21,38,4,21,16,21,38,4,21,16,4.37067e-12,4.37067e-12,4.27264e-12,2.24290554995001
"179",29,18,13,24,16,29,18,13,24,16,4.38593e-12,4.38593e-12,4.38093e-12,0.11400090744722
"180",0,79,21,0,0,0,79,21,0,0,2.52899e-12,2.52899e-12,2.5463e-12,0.684462967429678
"181",0,0,0,78,22,0,0,0,78,22,4.80231e-12,4.80231e-12,3.94052e-12,17.9453221470501
"182",43,0,0,57,0,43,0,0,57,0,4.06425e-12,4.06425e-12,4.04541e-12,0.463554161284374
"183",0,0,100,0,0,0,0,100,0,0,3.04285e-12,3.04285e-12,2.79042e-12,8.29584107004946
"184",17,0,37,29,17,17,0,37,29,17,4.4273e-12,4.4273e-12,4.49478e-12,1.5241795225081
"185",0,29,71,0,0,0,29,71,0,0,2.76275e-12,2.76275e-12,3.47981e-12,25.9545742466745
"187",24,76,0,0,0,24,76,0,0,0,2.9416e-12,2.9416e-12,2.94647e-12,0.165556159912983
"188",0,0,0,46,54,0,0,0,46,54,5.10324e-12,5.10324e-12,5.0965e-12,0.132072957572049
"189",0,0,24,70,6,0,0,24,70,6,4.06245e-12,4.06245e-12,4.21813e-12,3.83217024209528
"190",4,63,19,14,0,4,63,19,14,0,3.70468e-12,3.70468e-12,2.82455e-12,23.7572475895354
"191",3,32,37,0,28,3,32,37,0,28,4.51321e-12,4.51321e-12,3.94008e-12,12.6989437672964
"192",60,12,8,0,20,60,12,8,0,20,4.35037e-12,4.35037e-12,4.40837e-12,1.33321993301718
"193",1,0,0,39,60,1,0,0,39,60,4.82216e-12,4.82216e-12,5.1522e-12,6.84423577815751
"194",0,46,0,33,21,0,46,0,33,21,3.89441e-12,3.89441e-12,4.46253e-12,14.5880890815297
"195",0,53,3,18,26,0,53,3,18,26,3.93786e-12,3.93786e-12,3.93966e-12,0.0457101065045373
"196",0,0,24,49,27,0,0,24,49,27,4.42969e-12,4.42969e-12,4.64664e-12,4.89763392020661
"197",0,47,0,53,0,0,47,0,53,0,3.37048e-12,3.37048e-12,4.32085e-12,28.1968740357456
"198",43,0,0,0,57,43,0,0,0,57,4.77472e-12,4.77472e-12,4.61688e-12,3.30574358286979
"199",0,6,0,2,92,0,6,0,2,92,4.38878e-12,4.38878e-12,5.66275e-12,29.0278847424569
"200",25,19,26,16,14,25,19,26,16,14,4.31934e-12,4.31934e-12,3.36225e-12,22.1582463987554
"201",3,12,6,25,54,3,12,6,25,54,4.78985e-12,4.78985e-12,4.86392e-12,1.54639498105369
"202",33,24,15,2,26,33,24,15,2,26,4.47946e-12,4.47946e-12,4.48606e-12,0.147339188205708
"203",22,12,30,36,0,22,12,30,36,0,3.96806e-12,3.96806e-12,3.95829e-12,0.246216035039792
"204",0,25,24,0,51,0,25,24,0,51,4.199e-12,4.199e-12,4.06736e-12,3.13503215051204
"205",23,7,6,25,39,23,7,6,25,39,4.68741e-12,4.68741e-12,4.71801e-12,0.652812534000669
"206",4,15,51,23,7,4,15,51,23,7,4.17369e-12,4.17369e-12,4.12154e-12,1.24949385316112
"207",19,11,33,30,7,19,11,33,30,7,4.20047e-12,4.20047e-12,4.32016e-12,2.84944303851711
"208",40,36,14,10,0,40,36,14,10,0,3.59317e-12,3.59317e-12,3.15684e-12,12.1433163474035
"209",4,16,29,28,23,4,16,29,28,23,4.52002e-12,4.52002e-12,3.95775e-12,12.4395467276693
"211",23,24,19,34,0,23,24,19,34,0,3.94408e-12,3.94408e-12,3.96511e-12,0.533204194641068
"212",19,68,0,0,13,19,68,0,0,13,4.16071e-12,4.16071e-12,2.94647e-12,29.1834807040145
"213",0,0,0,37,63,0,0,0,37,63,5.1522e-12,5.1522e-12,4.82216e-12,6.40580722798029
"215",46,13,17,24,0,46,13,17,24,0,3.83805e-12,3.83805e-12,4.11326e-12,7.17056838759265
"216",10,40,0,21,29,10,40,0,21,29,4.57594e-12,4.57594e-12,3.93786e-12,13.9442387793546
"218",21,6,15,0,58,21,6,15,0,58,4.78478e-12,4.78478e-12,5.66275e-12,18.3492239977596
"219",1,12,27,32,28,1,12,27,32,28,4.59119e-12,4.59119e-12,4.01576e-12,12.5333519196548
"220",30,1,0,59,10,30,1,0,59,10,4.35195e-12,4.35195e-12,4.38225e-12,0.696239616723537
"222",13,50,2,0,35,13,50,2,0,35,4.58969e-12,4.58969e-12,4.11203e-12,10.4072388331238
"223",0,29,33,0,38,0,29,33,0,38,4.06736e-12,4.06736e-12,4.51321e-12,10.9616557177137
"224",0,16,17,24,43,0,16,17,24,43,4.16935e-12,4.16935e-12,4.78985e-12,14.8824157242736
"225",0,33,19,48,0,0,33,19,48,0,3.35594e-12,3.35594e-12,4.30955e-12,28.4155854991448
"227",5,18,46,26,5,5,18,46,26,5,4.12154e-12,4.12154e-12,4.17369e-12,1.2653037456873
"228",0,0,79,21,0,0,0,79,21,0,3.51114e-12,3.51114e-12,3.4826e-12,0.812841413330134
"229",18,0,5,19,58,18,0,5,19,58,4.80495e-12,4.80495e-12,4.82364e-12,0.388973870695852
"230",26,4,21,19,30,26,4,21,19,30,4.58976e-12,4.58976e-12,4.61688e-12,0.590880568918628
"231",26,38,15,17,4,26,38,15,17,4,3.98834e-12,3.98834e-12,3.38801e-12,15.0521269500594
"232",22,28,5,44,1,22,28,5,44,1,4.04604e-12,4.04604e-12,4.11627e-12,1.73577127265176
"233",34,3,0,28,35,34,3,0,28,35,4.65386e-12,4.65386e-12,4.59482e-12,1.26862432475408
"235",35,15,1,37,12,35,15,1,37,12,4.3387e-12,4.3387e-12,4.01932e-12,7.36119114020327
"236",20,80,0,0,0,20,80,0,0,0,2.94647e-12,2.94647e-12,2.9416e-12,0.165282524512389
"237",13,24,20,32,11,13,24,20,32,11,4.30955e-12,4.30955e-12,3.35594e-12,22.1278323722895
"238",0,1,0,99,0,0,1,0,99,0,3.51981e-12,3.51981e-12,4.34062e-12,23.3197246442279
"239",12,4,36,40,8,12,4,36,40,8,4.26873e-12,4.26873e-12,3.81129e-12,10.7160677765987
"240",0,13,28,45,14,0,13,28,45,14,3.7983e-12,3.7983e-12,3.42368e-12,9.86283337282469
"241",21,37,0,10,32,21,37,0,10,32,4.58337e-12,4.58337e-12,4.65553e-12,1.57438740490077
"242",9,0,76,0,15,9,0,76,0,15,4.27766e-12,4.27766e-12,4.19668e-12,1.89309108250773
"243",58,0,22,20,0,58,0,22,20,0,3.79162e-12,3.79162e-12,4.11326e-12,8.48291759195277
"244",27,15,22,36,0,27,15,22,36,0,3.96168e-12,3.96168e-12,3.96511e-12,0.0865794309484968
"245",12,19,12,43,14,12,19,12,43,14,4.40138e-12,4.40138e-12,3.49095e-12,20.6851033085078
"246",0,0,44,56,0,0,0,44,56,0,3.8161e-12,3.8161e-12,3.81129e-12,0.126044914965551
"247",30,7,29,21,13,30,7,29,21,13,4.31758e-12,4.31758e-12,3.77411e-12,12.5873753352572
"248",45,42,0,13,0,45,42,0,13,0,3.60411e-12,3.60411e-12,3.46078e-12,3.97684865334299
"249",34,2,5,30,29,34,2,5,30,29,4.59482e-12,4.59482e-12,4.65386e-12,1.28492519837557
"250",53,0,0,14,33,53,0,0,14,33,4.60372e-12,4.60372e-12,4.58844e-12,0.33190550250668
"251",0,43,57,0,0,0,43,57,0,0,2.72714e-12,2.72714e-12,2.70635e-12,0.762337100405552
"252",46,40,14,0,0,46,40,14,0,0,3.15684e-12,3.15684e-12,3.59317e-12,13.8217331255306
"253",0,46,17,37,0,0,46,17,37,0,3.25635e-12,3.25635e-12,3.24339e-12,0.3979916163803
"254",28,2,5,53,12,28,2,5,53,12,4.38225e-12,4.38225e-12,4.35195e-12,0.691425637514975
"255",19,7,35,27,12,19,7,35,27,12,4.32016e-12,4.32016e-12,4.4273e-12,2.48000074071331
"256",46,10,0,22,22,46,10,0,22,22,4.47919e-12,4.47919e-12,4.47463e-12,0.101804120834337
"257",0,53,0,28,19,0,53,0,28,19,3.8381e-12,3.8381e-12,4.46253e-12,16.2692478049035
"258",37,9,0,17,37,37,9,0,17,37,4.65367e-12,4.65367e-12,4.5516e-12,2.19332268940428
"259",59,31,10,0,0,59,31,10,0,0,3.0761e-12,3.0761e-12,2.82929e-12,8.02347127856703
"260",28,10,29,6,27,28,10,29,6,27,4.51697e-12,4.51697e-12,4.63207e-12,2.54816835179335
"262",41,0,21,0,38,41,0,21,0,38,4.62976e-12,4.62976e-12,4.63361e-12,0.0831576582803528
"264",29,0,0,71,0,29,0,0,71,0,4.11526e-12,4.11526e-12,4.35195e-12,5.7515199525668
"265",24,34,0,1,41,24,34,0,1,41,4.65553e-12,4.65553e-12,4.6156e-12,0.857689672282202
"266",70,0,24,0,6,70,0,24,0,6,3.88847e-12,3.88847e-12,4.37441e-12,12.4969460996227
"267",43,19,38,0,0,43,19,38,0,0,3.36225e-12,3.36225e-12,4.31934e-12,28.465759536025
"268",44,30,14,0,12,44,30,14,0,12,4.14387e-12,4.14387e-12,3.0761e-12,25.7674589212499
"269",0,0,68,9,23,0,0,68,9,23,4.27727e-12,4.27727e-12,4.19668e-12,1.88414572846698
"270",0,0,7,53,40,0,0,7,53,40,4.57296e-12,4.57296e-12,5.0965e-12,11.4486022182569
"271",0,24,54,22,0,0,24,54,22,0,3.1292e-12,3.1292e-12,4.12154e-12,31.7122587242746
"272",15,27,17,29,12,15,27,17,29,12,4.32085e-12,4.32085e-12,3.37048e-12,21.9949778400083
"273",42,49,6,0,3,42,49,6,0,3,3.61022e-12,3.61022e-12,3.60964e-12,0.0160655029333379
"274",35,35,30,0,0,35,35,30,0,0,3.31822e-12,3.31822e-12,3.36992e-12,1.55806426337011
"275",19,13,0,20,48,19,13,0,20,48,4.74807e-12,4.74807e-12,4.82364e-12,1.59159405821734
"276",45,33,4,0,18,45,33,4,0,18,4.30322e-12,4.30322e-12,4.31853e-12,0.355780090257984
"277",31,0,0,14,55,31,0,0,14,55,4.7832e-12,4.7832e-12,4.82364e-12,0.845459106874058
"278",52,46,2,0,0,52,46,2,0,0,2.93744e-12,2.93744e-12,2.87319e-12,2.18727871888447
"279",49,5,0,46,0,49,5,0,46,0,4.00467e-12,4.00467e-12,3.99709e-12,0.189279016747945
"280",13,0,49,2,36,13,0,49,2,36,4.62134e-12,4.62134e-12,4.51792e-12,2.2378790567238
"281",63,6,0,14,17,63,6,0,14,17,4.35358e-12,4.35358e-12,4.35358e-12,0
"282",87,0,0,0,13,87,0,0,0,13,4.14564e-12,4.14564e-12,4.02922e-12,2.80825156067579
"283",0,0,0,47,53,0,0,0,47,53,5.0965e-12,5.0965e-12,5.10324e-12,0.132247620916304
"284",55,0,0,45,0,55,0,0,45,0,3.99709e-12,3.99709e-12,3.99065e-12,0.161117212772299
"285",0,0,63,0,37,0,0,63,0,37,4.46798e-12,4.46798e-12,4.5766e-12,2.43107623579335
"288",0,13,29,58,0,0,13,29,58,0,3.42368e-12,3.42368e-12,3.83547e-12,12.0277011870268
"289",1,0,0,16,83,1,0,0,16,83,4.88117e-12,4.88117e-12,4.86392e-12,0.353398877728084
"291",0,57,0,0,43,0,57,0,0,43,4.11203e-12,4.11203e-12,3.99628e-12,2.81491136981005
"293",11,25,64,0,0,11,25,64,0,0,3.47981e-12,3.47981e-12,2.76275e-12,20.6062974702642
"294",27,18,0,55,0,27,18,0,55,0,4.05758e-12,4.05758e-12,4.11627e-12,1.44642865944726
"295",45,4,34,17,0,45,4,34,17,0,3.77411e-12,3.77411e-12,4.31758e-12,14.399951246784
"296",52,0,8,0,40,52,0,8,0,40,4.64461e-12,4.64461e-12,4.58616e-12,1.25844796441466
"297",28,0,5,24,43,28,0,5,24,43,4.71801e-12,4.71801e-12,4.68741e-12,0.648578532050592
"299",38,14,0,48,0,38,14,0,48,0,4.01932e-12,4.01932e-12,4.04541e-12,0.649114775633675
